Afghanistan	AF	152.655069560919
Albania	AL	72.2569062390412
Algeria	DZ	101.894947405897
Angola	AO	116.602847712767
"Antigua and Barbuda"	AG	77.0452759274016
Argentina	AR	74.3582504787347
Armenia	AM	83.9481341289951
Australia	AU	59.5309542757781
Austria	AT	48.8106694985191
Azerbaijan	AZ	86.8605089784823
"Bahamas, The"	BS	67.999281800342
Bahrain	BH	87.6832144235927
Bangladesh	BD	119.707722753821
Barbados	BB	49.6112731225278
Belarus	BY	94.9893212875673
Belgium	BE	47.5458068711582
Belize	BZ	103.430170752076
Benin	BJ	126.978181450504
Bhutan	BT	134.916296870846
Bolivia	BO	97.5862673014883
"Bosnia and Herzegovina"	BA	73.7462411816949
Botswana	BW	104.795344695097
Brazil	BR	77.1003095775567
"Brunei Darussalam"	BN	58.5304228673054
Bulgaria	BG	57.8278753478357
"Burkina Faso"	BF	130.467962584089
Burundi	BI	136.021185710849
"Cabo Verde"	CV	108.583975837962
Cambodia	KH	122.082097699929
Cameroon	CM	115.558839753755
Canada	CA	54.5310022703207
"Central African Republic"	CF	106.666207889824
Chad	TD	119.30240542276
Chile	CL	79.9794301768979
China	CN	103.530895122535
Colombia	CO	89.5651479782694
Comoros	KM	110.364186678186
"Congo, Dem. Rep."	CD	142.781806086832
"Congo, Rep."	CG	111.514101812629
"Costa Rica"	CR	86.5214809595291
"Cote d'Ivoire"	CI	106.399719470571
Croatia	HR	55.274110170379
Cyprus	CY	69.4450707867426
"Czech Republic"	CZ	57.1696190480021
Denmark	DK	43.7115552979779
Djibouti	DJ	108.404302401468
Dominica	DM	64.6297267656202
"Dominican Republic"	DO	97.822685998379
Ecuador	EC	86.098416294024
"Egypt, Arab Rep."	EG	106.664161060445
"El Salvador"	SV	73.0805893397306
"Equatorial Guinea"	GQ	145.191698701045
Eritrea	ER	141.346068265428
Estonia	EE	56.9402424873049
Ethiopia	ET	135.442399251796
Fiji	FJ	75.9125525735642
Finland	FI	48.8531916414752
France	FR	48.9444243453276
Gabon	GA	86.6327790237581
"Gambia, The"	GM	120.448753268969
Georgia	GE	81.6581799585196
Germany	DE	45.3975364760574
Ghana	GH	129.546198097112
Greece	GR	57.6496031974989
Grenada	GD	71.224708866339
Guatemala	GT	97.9092869185809
Guinea	GN	133.813216120621
Guinea-Bissau	GW	107.308642001056
Guyana	GY	77.2405291270119
Haiti	HT	116.194538407866
Honduras	HN	111.045060528387
"Hong Kong SAR, China"	HK	63.4262870090917
Hungary	HU	58.3380055151296
Iceland	IS	55.6860146965797
India	IN	120.90522357889
Indonesia	ID	106.816372521248
"Iran, Islamic Rep."	IR	110.219197162239
Iraq	IQ	120.496635926325
Ireland	IE	54.1789778578125
Israel	IL	70.7573675142392
Italy	IT	46.5714570979754
Jamaica	JM	80.8157511251661
Japan	JP	50.9602893561128
Jordan	JO	105.397459485949
Kazakhstan	KZ	79.634207869989
Kenya	KE	122.703988218241
Kiribati	KI	106.200603784341
"Korea, Rep."	KR	75.0631639683465
Kosovo	RS	79.677422978078
Kuwait	KW	85.3404530846637
"Kyrgyz Republic"	KG	99.2674155967186
"Lao PDR"	LA	126.226077395283
Latvia	LV	51.4017240213326
Lebanon	LB	77.0531276085214
Lesotho	LS	117.930596873999
Liberia	LR	138.306086488128
Libya	LY	76.6692465728351
Lithuania	LT	50.4459429348793
Luxembourg	LU	50.4188340004879
"Macedonia, FYR"	MK	72.0869033989931
Madagascar	MG	132.264463495171
Malawi	MW	155.349170862085
Malaysia	MY	97.6976526642904
Maldives	MV	103.255114617804
Mali	ML	134.360636475629
Malta	MT	55.8724418043309
"Marshall Islands"	MH	73.8594453903739
Mauritania	MR	127.730645647715
Mauritius	MU	79.4007598644256
Mexico	MX	82.4800579401614
"Micronesia, Fed. Sts."	FM	71.9504361667653
Moldova	MD	78.8256129225251
Mongolia	MN	109.886693463681
Montenegro	ME	65.6652979151676
Morocco	MA	98.8416073738027
Mozambique	MZ	142.998897647278
Myanmar	MM	110.610371604358
Namibia	NA	91.2175435247406
Nepal	NP	130.846359919389
Netherlands	NL	47.9167250589481
"New Zealand"	NZ	56.1908940847077
Nicaragua	NI	100.925769876355
Niger	NE	129.166695515876
Nigeria	NG	117.380498155495
Norway	NO	46.4905470187944
Oman	OM	84.1653971196782
Pakistan	PK	118.212320912154
Palau	PW	56.2804456165689
Panama	PA	87.3825392605874
"Papua New Guinea"	PG	112.988353865151
Paraguay	PY	98.5486138256711
Peru	PE	84.7261578337854
Philippines	PH	105.763228006615
Poland	PL	64.4214038264283
Portugal	PT	57.3189380510843
Qatar	QA	93.362862057762
Romania	RO	67.0724649122151
"Russian Federation"	RU	63.7249621888557
Rwanda	RW	129.249272123944
Samoa	WS	81.9423093433558
"San Marino"	SM	49.8373437156263
"Sao Tome and Principe"	ST	133.438505139801
"Saudi Arabia"	SA	84.6152868957064
Senegal	SN	118.552243215101
Serbia	RS	67.3865976539184
Seychelles	SC	77.3478290826417
"Sierra Leone"	SL	109.764350580669
Singapore	SG	81.6286218191973
"Slovak Republic"	SK	62.9310318073318
Slovenia	SI	56.1442918496759
"Solomon Islands"	SB	94.5464257908171
"South Africa"	ZA	86.5909421808498
"South Sudan"	SS	92.9335936438548
Spain	ES	54.7581932018623
"Sri Lanka"	LK	99.9662162961522
"St. Kitts and Nevis"	KN	77.5157937018131
"St. Lucia"	LC	80.9891230936441
"St. Vincent and the Grenadines"	VC	71.4054363959044
Sudan	SD	133.949203254071
Suriname	SR	79.262078573134
Swaziland	SZ	96.0782217107718
Sweden	SE	46.9145405591346
Switzerland	CH	45.5840823413934
"Syrian Arab Republic"	SY	101.443562904145
Taiwan	TW	68.441679302674
Tajikistan	TJ	121.43404535014
Tanzania	TZ	143.691611425934
Thailand	TH	89.4708439453277
Timor-Leste	TL	116.212573431434
Togo	TG	121.762912228104
Tonga	TO	75.8152140686021
"Trinidad and Tobago"	TT	58.2835621973641
Tunisia	TN	90.4021270645589
Turkey	TR	103.451799741478
Turkmenistan	TM	92.0436334375612
Tuvalu	TV	74.1022475340895
Uganda	UG	152.828372896173
Ukraine	UA	66.1408488503821
"United Arab Emirates"	AE	103.064728428191
"United Kingdom"	GB	47.3181141113553
"United States"	US	52.9541499656767
Uruguay	UY	66.8690024190632
Uzbekistan	UZ	121.105923800922
Vanuatu	VU	104.81577780461
"Venezuela, RB"	VE	103.445824012292
Vietnam	VN	121.878469831902
"Yemen, Rep."	YE	126.910899809431
Zambia	ZM	129.032072837983
Zimbabwe	ZW	97.2433588389604
